[{"model": "admin.logentry", "pk": 1, "fields": {"action_time": "2021-01-08T03:32:12.161Z", "user": 1, "content_type": 13, "object_id": "1", "object_repr": "Apparel", "action_flag": 1, "change_message": "[{\"added\": {}}]"}}, {"model": "admin.logentry", "pk": 2, "fields": {"action_time": "2021-01-08T03:32:17.991Z", "user": 1, "content_type": 13, "object_id": "2", "object_repr": "Accesories", "action_flag": 1, "change_message": "[{\"added\": {}}]"}}, {"model": "admin.logentry", "pk": 3, "fields": {"action_time": "2021-01-08T03:32:36.147Z", "user": 1, "content_type": 13, "object_id": "3", "object_repr": "Nutrition", "action_flag": 1, "change_message": "[{\"added\": {}}]"}}, {"model": "admin.logentry", "pk": 4, "fields": {"action_time": "2021-01-08T03:33:36.518Z", "user": 1, "content_type": 19, "object_id": "1", "object_repr": "Bronze", "action_flag": 1, "change_message": "[{\"added\": {}}]"}}, {"model": "admin.logentry", "pk": 5, "fields": {"action_time": "2021-01-08T03:33:44.025Z", "user": 1, "content_type": 19, "object_id": "2", "object_repr": "Silver", "action_flag": 1, "change_message": "[{\"added\": {}}]"}}, {"model": "admin.logentry", "pk": 6, "fields": {"action_time": "2021-01-08T03:34:10.581Z", "user": 1, "content_type": 19, "object_id": "3", "object_repr": "Gold", "action_flag": 1, "change_message": "[{\"added\": {}}]"}}, {"model": "admin.logentry", "pk": 7, "fields": {"action_time": "2021-01-08T03:34:50.787Z", "user": 1, "content_type": 19, "object_id": "2", "object_repr": "Silver", "action_flag": 2, "change_message": "[{\"changed\": {\"fields\": [\"Image\"]}}]"}}, {"model": "admin.logentry", "pk": 8, "fields": {"action_time": "2021-01-08T03:35:03.933Z", "user": 1, "content_type": 19, "object_id": "1", "object_repr": "Bronze", "action_flag": 2, "change_message": "[{\"changed\": {\"fields\": [\"Image\"]}}]"}}, {"model": "admin.logentry", "pk": 9, "fields": {"action_time": "2021-01-08T03:35:04.413Z", "user": 1, "content_type": 19, "object_id": "1", "object_repr": "Bronze", "action_flag": 2, "change_message": "[{\"changed\": {\"fields\": [\"Image\"]}}]"}}, {"model": "admin.logentry", "pk": 10, "fields": {"action_time": "2021-01-08T03:36:51.608Z", "user": 1, "content_type": 22, "object_id": "1", "object_repr": "monthly", "action_flag": 1, "change_message": "[{\"added\": {}}]"}}, {"model": "admin.logentry", "pk": 11, "fields": {"action_time": "2021-01-08T03:37:13.627Z", "user": 1, "content_type": 22, "object_id": "2", "object_repr": "monthly", "action_flag": 1, "change_message": "[{\"added\": {}}]"}}, {"model": "admin.logentry", "pk": 12, "fields": {"action_time": "2021-01-08T03:37:31.830Z", "user": 1, "content_type": 22, "object_id": "3", "object_repr": "monthly", "action_flag": 1, "change_message": "[{\"added\": {}}]"}}, {"model": "admin.logentry", "pk": 13, "fields": {"action_time": "2021-01-08T03:38:29.756Z", "user": 1, "content_type": 20, "object_id": "1", "object_repr": "service1", "action_flag": 1, "change_message": "[{\"added\": {}}]"}}, {"model": "admin.logentry", "pk": 14, "fields": {"action_time": "2021-01-08T03:39:36.043Z", "user": 1, "content_type": 20, "object_id": "2", "object_repr": "service2", "action_flag": 1, "change_message": "[{\"added\": {}}]"}}, {"model": "admin.logentry", "pk": 15, "fields": {"action_time": "2021-01-08T03:40:06.155Z", "user": 1, "content_type": 20, "object_id": "3", "object_repr": "service3", "action_flag": 1, "change_message": "[{\"added\": {}}]"}}, {"model": "admin.logentry", "pk": 16, "fields": {"action_time": "2021-01-08T03:41:09.331Z", "user": 1, "content_type": 20, "object_id": "4", "object_repr": "service1", "action_flag": 1, "change_message": "[{\"added\": {}}]"}}, {"model": "admin.logentry", "pk": 17, "fields": {"action_time": "2021-01-08T03:41:39.037Z", "user": 1, "content_type": 20, "object_id": "5", "object_repr": "service2", "action_flag": 1, "change_message": "[{\"added\": {}}]"}}, {"model": "admin.logentry", "pk": 18, "fields": {"action_time": "2021-01-08T03:41:57.296Z", "user": 1, "content_type": 20, "object_id": "6", "object_repr": "service1", "action_flag": 1, "change_message": "[{\"added\": {}}]"}}, {"model": "admin.logentry", "pk": 19, "fields": {"action_time": "2021-01-08T03:44:26.414Z", "user": 1, "content_type": 22, "object_id": "4", "object_repr": "quarterly", "action_flag": 1, "change_message": "[{\"added\": {}}]"}}, {"model": "admin.logentry", "pk": 20, "fields": {"action_time": "2021-01-08T03:44:50.129Z", "user": 1, "content_type": 22, "object_id": "5", "object_repr": "quarterly", "action_flag": 1, "change_message": "[{\"added\": {}}]"}}, {"model": "admin.logentry", "pk": 21, "fields": {"action_time": "2021-01-08T03:45:07.799Z", "user": 1, "content_type": 22, "object_id": "6", "object_repr": "quarterly", "action_flag": 1, "change_message": "[{\"added\": {}}]"}}, {"model": "admin.logentry", "pk": 22, "fields": {"action_time": "2021-01-08T03:52:00.903Z", "user": 1, "content_type": 14, "object_id": "1", "object_repr": "CRITICAL DROP ARMHOLE TANK", "action_flag": 1, "change_message": "[{\"added\": {}}]"}}, {"model": "admin.logentry", "pk": 23, "fields": {"action_time": "2021-01-08T03:53:29.673Z", "user": 1, "content_type": 14, "object_id": "2", "object_repr": "phone strap", "action_flag": 1, "change_message": "[{\"added\": {}}]"}}, {"model": "admin.logentry", "pk": 24, "fields": {"action_time": "2021-01-08T22:53:08.606Z", "user": 1, "content_type": 14, "object_id": "3", "object_repr": "APOLLO T-SHIRT", "action_flag": 1, "change_message": "[{\"added\": {}}]"}}, {"model": "admin.logentry", "pk": 25, "fields": {"action_time": "2021-01-08T22:55:02.271Z", "user": 1, "content_type": 14, "object_id": "4", "object_repr": "ARRIVAL T-SHIRT", "action_flag": 1, "change_message": "[{\"added\": {}}]"}}, {"model": "admin.logentry", "pk": 26, "fields": {"action_time": "2021-01-08T22:56:27.920Z", "user": 1, "content_type": 14, "object_id": "5", "object_repr": "BLOCK JOGGERS", "action_flag": 1, "change_message": "[{\"added\": {}}]"}}, {"model": "admin.logentry", "pk": 27, "fields": {"action_time": "2021-01-08T22:57:58.140Z", "user": 1, "content_type": 14, "object_id": "6", "object_repr": "100% Citrulline Malate Powder", "action_flag": 1, "change_message": "[{\"added\": {}}]"}}, {"model": "admin.logentry", "pk": 28, "fields": {"action_time": "2021-01-08T22:59:45.377Z", "user": 1, "content_type": 14, "object_id": "7", "object_repr": "CRITICAL DROP ARMHOLE TANK", "action_flag": 1, "change_message": "[{\"added\": {}}]"}}, {"model": "admin.logentry", "pk": 29, "fields": {"action_time": "2021-01-08T23:01:00.100Z", "user": 1, "content_type": 14, "object_id": "8", "object_repr": "CRITICAL SHORTS", "action_flag": 1, "change_message": "[{\"added\": {}}]"}}, {"model": "admin.logentry", "pk": 30, "fields": {"action_time": "2021-01-08T23:02:21.410Z", "user": 1, "content_type": 14, "object_id": "9", "object_repr": "Diet Protein Blend", "action_flag": 1, "change_message": "[{\"added\": {}}]"}}, {"model": "admin.logentry", "pk": 31, "fields": {"action_time": "2021-01-08T23:05:14.541Z", "user": 1, "content_type": 14, "object_id": "10", "object_repr": "ENERGY+ SEAMLESS CROP TOP", "action_flag": 1, "change_message": "[{\"added\": {}}]"}}, {"model": "admin.logentry", "pk": 32, "fields": {"action_time": "2021-01-08T23:05:37.871Z", "user": 1, "content_type": 14, "object_id": "10", "object_repr": "ENERGY+ SEAMLESS CROP TOP", "action_flag": 2, "change_message": "[{\"changed\": {\"fields\": [\"Category\"]}}]"}}, {"model": "admin.logentry", "pk": 33, "fields": {"action_time": "2021-01-08T23:07:12.452Z", "user": 1, "content_type": 14, "object_id": "11", "object_repr": "ENERGY+ SEAMLESS LEGGINGS", "action_flag": 1, "change_message": "[{\"added\": {}}]"}}, {"model": "admin.logentry", "pk": 34, "fields": {"action_time": "2021-01-08T23:10:50.297Z", "user": 1, "content_type": 14, "object_id": "12", "object_repr": "Extreme Gainer Blend", "action_flag": 1, "change_message": "[{\"added\": {}}]"}}, {"model": "admin.logentry", "pk": 35, "fields": {"action_time": "2021-01-09T01:16:45.524Z", "user": 1, "content_type": 14, "object_id": "13", "object_repr": "Flavdrops", "action_flag": 1, "change_message": "[{\"added\": {}}]"}}, {"model": "admin.logentry", "pk": 36, "fields": {"action_time": "2021-01-09T01:19:41.641Z", "user": 1, "content_type": 14, "object_id": "14", "object_repr": "FLEX LONG SLEEVE CROP TOP", "action_flag": 1, "change_message": "[{\"added\": {}}]"}}, {"model": "admin.logentry", "pk": 37, "fields": {"action_time": "2021-01-09T01:21:58.895Z", "user": 1, "content_type": 14, "object_id": "15", "object_repr": "FLEX HIGH WAISTED LEGGINGS", "action_flag": 1, "change_message": "[{\"added\": {}}]"}}, {"model": "admin.logentry", "pk": 38, "fields": {"action_time": "2021-01-09T01:24:14.977Z", "user": 1, "content_type": 14, "object_id": "16", "object_repr": "L-Glutamine Powder", "action_flag": 1, "change_message": "[{\"added\": {}}]"}}, {"model": "admin.logentry", "pk": 39, "fields": {"action_time": "2021-01-09T01:26:16.576Z", "user": 1, "content_type": 14, "object_id": "17", "object_repr": "RESISTANCE BAND", "action_flag": 1, "change_message": "[{\"added\": {}}]"}}, {"model": "admin.logentry", "pk": 40, "fields": {"action_time": "2021-01-09T01:26:28.644Z", "user": 1, "content_type": 14, "object_id": "15", "object_repr": "FLEX HIGH WAISTED LEGGINGS", "action_flag": 2, "change_message": "[{\"changed\": {\"fields\": [\"Sku\"]}}]"}}, {"model": "admin.logentry", "pk": 41, "fields": {"action_time": "2021-01-09T01:26:45.752Z", "user": 1, "content_type": 14, "object_id": "17", "object_repr": "RESISTANCE BAND", "action_flag": 2, "change_message": "[{\"changed\": {\"fields\": [\"Sku\"]}}]"}}, {"model": "admin.logentry", "pk": 42, "fields": {"action_time": "2021-01-09T01:28:39.881Z", "user": 1, "content_type": 14, "object_id": "18", "object_repr": "Hot Cold Bottle", "action_flag": 1, "change_message": "[{\"added\": {}}]"}}, {"model": "admin.logentry", "pk": 43, "fields": {"action_time": "2021-01-09T01:32:12.501Z", "user": 1, "content_type": 14, "object_id": "19", "object_repr": "phone strap", "action_flag": 1, "change_message": "[{\"added\": {}}]"}}, {"model": "admin.logentry", "pk": 44, "fields": {"action_time": "2021-01-09T01:34:45.536Z", "user": 1, "content_type": 14, "object_id": "20", "object_repr": "RECHARGE SWEATER", "action_flag": 1, "change_message": "[{\"added\": {}}]"}}, {"model": "admin.logentry", "pk": 45, "fields": {"action_time": "2021-01-09T01:37:44.082Z", "user": 1, "content_type": 14, "object_id": "21", "object_repr": "phone strap", "action_flag": 1, "change_message": "[{\"added\": {}}]"}}, {"model": "admin.logentry", "pk": 46, "fields": {"action_time": "2021-01-09T01:39:44.087Z", "user": 1, "content_type": 14, "object_id": "22", "object_repr": "THE Gainer", "action_flag": 1, "change_message": "[{\"added\": {}}]"}}, {"model": "admin.logentry", "pk": 47, "fields": {"action_time": "2021-01-09T01:42:38.221Z", "user": 1, "content_type": 14, "object_id": "23", "object_repr": "All-Natural Peanut Butter", "action_flag": 1, "change_message": "[{\"added\": {}}]"}}, {"model": "admin.logentry", "pk": 48, "fields": {"action_time": "2021-01-09T01:44:31.550Z", "user": 1, "content_type": 14, "object_id": "24", "object_repr": "VITAL SEAMLESS LONG SLEEVE TOP", "action_flag": 1, "change_message": "[{\"added\": {}}]"}}, {"model": "admin.logentry", "pk": 49, "fields": {"action_time": "2021-01-09T01:47:02.849Z", "user": 1, "content_type": 14, "object_id": "25", "object_repr": "Weight Gainer Blend", "action_flag": 1, "change_message": "[{\"added\": {}}]"}}, {"model": "admin.logentry", "pk": 50, "fields": {"action_time": "2021-01-09T01:49:08.004Z", "user": 1, "content_type": 21, "object_id": "1", "object_repr": "", "action_flag": 3, "change_message": ""}}, {"model": "auth.permission", "pk": 1, "fields": {"name": "Can add log entry", "content_type": 1, "codename": "add_logentry"}}, {"model": "auth.permission", "pk": 2, "fields": {"name": "Can change log entry", "content_type": 1, "codename": "change_logentry"}}, {"model": "auth.permission", "pk": 3, "fields": {"name": "Can delete log entry", "content_type": 1, "codename": "delete_logentry"}}, {"model": "auth.permission", "pk": 4, "fields": {"name": "Can view log entry", "content_type": 1, "codename": "view_logentry"}}, {"model": "auth.permission", "pk": 5, "fields": {"name": "Can add permission", "content_type": 2, "codename": "add_permission"}}, {"model": "auth.permission", "pk": 6, "fields": {"name": "Can change permission", "content_type": 2, "codename": "change_permission"}}, {"model": "auth.permission", "pk": 7, "fields": {"name": "Can delete permission", "content_type": 2, "codename": "delete_permission"}}, {"model": "auth.permission", "pk": 8, "fields": {"name": "Can view permission", "content_type": 2, "codename": "view_permission"}}, {"model": "auth.permission", "pk": 9, "fields": {"name": "Can add group", "content_type": 3, "codename": "add_group"}}, {"model": "auth.permission", "pk": 10, "fields": {"name": "Can change group", "content_type": 3, "codename": "change_group"}}, {"model": "auth.permission", "pk": 11, "fields": {"name": "Can delete group", "content_type": 3, "codename": "delete_group"}}, {"model": "auth.permission", "pk": 12, "fields": {"name": "Can view group", "content_type": 3, "codename": "view_group"}}, {"model": "auth.permission", "pk": 13, "fields": {"name": "Can add user", "content_type": 4, "codename": "add_user"}}, {"model": "auth.permission", "pk": 14, "fields": {"name": "Can change user", "content_type": 4, "codename": "change_user"}}, {"model": "auth.permission", "pk": 15, "fields": {"name": "Can delete user", "content_type": 4, "codename": "delete_user"}}, {"model": "auth.permission", "pk": 16, "fields": {"name": "Can view user", "content_type": 4, "codename": "view_user"}}, {"model": "auth.permission", "pk": 17, "fields": {"name": "Can add content type", "content_type": 5, "codename": "add_contenttype"}}, {"model": "auth.permission", "pk": 18, "fields": {"name": "Can change content type", "content_type": 5, "codename": "change_contenttype"}}, {"model": "auth.permission", "pk": 19, "fields": {"name": "Can delete content type", "content_type": 5, "codename": "delete_contenttype"}}, {"model": "auth.permission", "pk": 20, "fields": {"name": "Can view content type", "content_type": 5, "codename": "view_contenttype"}}, {"model": "auth.permission", "pk": 21, "fields": {"name": "Can add session", "content_type": 6, "codename": "add_session"}}, {"model": "auth.permission", "pk": 22, "fields": {"name": "Can change session", "content_type": 6, "codename": "change_session"}}, {"model": "auth.permission", "pk": 23, "fields": {"name": "Can delete session", "content_type": 6, "codename": "delete_session"}}, {"model": "auth.permission", "pk": 24, "fields": {"name": "Can view session", "content_type": 6, "codename": "view_session"}}, {"model": "auth.permission", "pk": 25, "fields": {"name": "Can add site", "content_type": 7, "codename": "add_site"}}, {"model": "auth.permission", "pk": 26, "fields": {"name": "Can change site", "content_type": 7, "codename": "change_site"}}, {"model": "auth.permission", "pk": 27, "fields": {"name": "Can delete site", "content_type": 7, "codename": "delete_site"}}, {"model": "auth.permission", "pk": 28, "fields": {"name": "Can view site", "content_type": 7, "codename": "view_site"}}, {"model": "auth.permission", "pk": 29, "fields": {"name": "Can add email address", "content_type": 8, "codename": "add_emailaddress"}}, {"model": "auth.permission", "pk": 30, "fields": {"name": "Can change email address", "content_type": 8, "codename": "change_emailaddress"}}, {"model": "auth.permission", "pk": 31, "fields": {"name": "Can delete email address", "content_type": 8, "codename": "delete_emailaddress"}}, {"model": "auth.permission", "pk": 32, "fields": {"name": "Can view email address", "content_type": 8, "codename": "view_emailaddress"}}, {"model": "auth.permission", "pk": 33, "fields": {"name": "Can add email confirmation", "content_type": 9, "codename": "add_emailconfirmation"}}, {"model": "auth.permission", "pk": 34, "fields": {"name": "Can change email confirmation", "content_type": 9, "codename": "change_emailconfirmation"}}, {"model": "auth.permission", "pk": 35, "fields": {"name": "Can delete email confirmation", "content_type": 9, "codename": "delete_emailconfirmation"}}, {"model": "auth.permission", "pk": 36, "fields": {"name": "Can view email confirmation", "content_type": 9, "codename": "view_emailconfirmation"}}, {"model": "auth.permission", "pk": 37, "fields": {"name": "Can add social account", "content_type": 10, "codename": "add_socialaccount"}}, {"model": "auth.permission", "pk": 38, "fields": {"name": "Can change social account", "content_type": 10, "codename": "change_socialaccount"}}, {"model": "auth.permission", "pk": 39, "fields": {"name": "Can delete social account", "content_type": 10, "codename": "delete_socialaccount"}}, {"model": "auth.permission", "pk": 40, "fields": {"name": "Can view social account", "content_type": 10, "codename": "view_socialaccount"}}, {"model": "auth.permission", "pk": 41, "fields": {"name": "Can add social application", "content_type": 11, "codename": "add_socialapp"}}, {"model": "auth.permission", "pk": 42, "fields": {"name": "Can change social application", "content_type": 11, "codename": "change_socialapp"}}, {"model": "auth.permission", "pk": 43, "fields": {"name": "Can delete social application", "content_type": 11, "codename": "delete_socialapp"}}, {"model": "auth.permission", "pk": 44, "fields": {"name": "Can view social application", "content_type": 11, "codename": "view_socialapp"}}, {"model": "auth.permission", "pk": 45, "fields": {"name": "Can add social application token", "content_type": 12, "codename": "add_socialtoken"}}, {"model": "auth.permission", "pk": 46, "fields": {"name": "Can change social application token", "content_type": 12, "codename": "change_socialtoken"}}, {"model": "auth.permission", "pk": 47, "fields": {"name": "Can delete social application token", "content_type": 12, "codename": "delete_socialtoken"}}, {"model": "auth.permission", "pk": 48, "fields": {"name": "Can view social application token", "content_type": 12, "codename": "view_socialtoken"}}, {"model": "auth.permission", "pk": 49, "fields": {"name": "Can add category", "content_type": 13, "codename": "add_category"}}, {"model": "auth.permission", "pk": 50, "fields": {"name": "Can change category", "content_type": 13, "codename": "change_category"}}, {"model": "auth.permission", "pk": 51, "fields": {"name": "Can delete category", "content_type": 13, "codename": "delete_category"}}, {"model": "auth.permission", "pk": 52, "fields": {"name": "Can view category", "content_type": 13, "codename": "view_category"}}, {"model": "auth.permission", "pk": 53, "fields": {"name": "Can add product", "content_type": 14, "codename": "add_product"}}, {"model": "auth.permission", "pk": 54, "fields": {"name": "Can change product", "content_type": 14, "codename": "change_product"}}, {"model": "auth.permission", "pk": 55, "fields": {"name": "Can delete product", "content_type": 14, "codename": "delete_product"}}, {"model": "auth.permission", "pk": 56, "fields": {"name": "Can view product", "content_type": 14, "codename": "view_product"}}, {"model": "auth.permission", "pk": 57, "fields": {"name": "Can add ratings", "content_type": 15, "codename": "add_ratings"}}, {"model": "auth.permission", "pk": 58, "fields": {"name": "Can change ratings", "content_type": 15, "codename": "change_ratings"}}, {"model": "auth.permission", "pk": 59, "fields": {"name": "Can delete ratings", "content_type": 15, "codename": "delete_ratings"}}, {"model": "auth.permission", "pk": 60, "fields": {"name": "Can view ratings", "content_type": 15, "codename": "view_ratings"}}, {"model": "auth.permission", "pk": 61, "fields": {"name": "Can add order", "content_type": 16, "codename": "add_order"}}, {"model": "auth.permission", "pk": 62, "fields": {"name": "Can change order", "content_type": 16, "codename": "change_order"}}, {"model": "auth.permission", "pk": 63, "fields": {"name": "Can delete order", "content_type": 16, "codename": "delete_order"}}, {"model": "auth.permission", "pk": 64, "fields": {"name": "Can view order", "content_type": 16, "codename": "view_order"}}, {"model": "auth.permission", "pk": 65, "fields": {"name": "Can add order line item", "content_type": 17, "codename": "add_orderlineitem"}}, {"model": "auth.permission", "pk": 66, "fields": {"name": "Can change order line item", "content_type": 17, "codename": "change_orderlineitem"}}, {"model": "auth.permission", "pk": 67, "fields": {"name": "Can delete order line item", "content_type": 17, "codename": "delete_orderlineitem"}}, {"model": "auth.permission", "pk": 68, "fields": {"name": "Can view order line item", "content_type": 17, "codename": "view_orderlineitem"}}, {"model": "auth.permission", "pk": 69, "fields": {"name": "Can add user profile", "content_type": 18, "codename": "add_userprofile"}}, {"model": "auth.permission", "pk": 70, "fields": {"name": "Can change user profile", "content_type": 18, "codename": "change_userprofile"}}, {"model": "auth.permission", "pk": 71, "fields": {"name": "Can delete user profile", "content_type": 18, "codename": "delete_userprofile"}}, {"model": "auth.permission", "pk": 72, "fields": {"name": "Can view user profile", "content_type": 18, "codename": "view_userprofile"}}, {"model": "auth.permission", "pk": 73, "fields": {"name": "Can add plan", "content_type": 19, "codename": "add_plan"}}, {"model": "auth.permission", "pk": 74, "fields": {"name": "Can change plan", "content_type": 19, "codename": "change_plan"}}, {"model": "auth.permission", "pk": 75, "fields": {"name": "Can delete plan", "content_type": 19, "codename": "delete_plan"}}, {"model": "auth.permission", "pk": 76, "fields": {"name": "Can view plan", "content_type": 19, "codename": "view_plan"}}, {"model": "auth.permission", "pk": 77, "fields": {"name": "Can add service", "content_type": 20, "codename": "add_service"}}, {"model": "auth.permission", "pk": 78, "fields": {"name": "Can change service", "content_type": 20, "codename": "change_service"}}, {"model": "auth.permission", "pk": 79, "fields": {"name": "Can delete service", "content_type": 20, "codename": "delete_service"}}, {"model": "auth.permission", "pk": 80, "fields": {"name": "Can view service", "content_type": 20, "codename": "view_service"}}, {"model": "auth.permission", "pk": 81, "fields": {"name": "Can add subscriber registration", "content_type": 21, "codename": "add_subscriberregistration"}}, {"model": "auth.permission", "pk": 82, "fields": {"name": "Can change subscriber registration", "content_type": 21, "codename": "change_subscriberregistration"}}, {"model": "auth.permission", "pk": 83, "fields": {"name": "Can delete subscriber registration", "content_type": 21, "codename": "delete_subscriberregistration"}}, {"model": "auth.permission", "pk": 84, "fields": {"name": "Can view subscriber registration", "content_type": 21, "codename": "view_subscriberregistration"}}, {"model": "auth.permission", "pk": 85, "fields": {"name": "Can add plan pricing", "content_type": 22, "codename": "add_planpricing"}}, {"model": "auth.permission", "pk": 86, "fields": {"name": "Can change plan pricing", "content_type": 22, "codename": "change_planpricing"}}, {"model": "auth.permission", "pk": 87, "fields": {"name": "Can delete plan pricing", "content_type": 22, "codename": "delete_planpricing"}}, {"model": "auth.permission", "pk": 88, "fields": {"name": "Can view plan pricing", "content_type": 22, "codename": "view_planpricing"}}, {"model": "auth.user", "pk": 1, "fields": {"password": "pbkdf2_sha256$216000$5JGOWTbabzyx$6RiUvgDsjc4O3Q6sD0XRtRiy/vQEjT8WzYavXR9A5EQ=", "last_login": "2021-01-08T03:30:36.183Z", "is_superuser": true, "username": "gitpod", "first_name": "", "last_name": "", "email": "", "is_staff": true, "is_active": true, "date_joined": "2021-01-08T03:29:55.778Z", "groups": [], "user_permissions": []}}, {"model": "contenttypes.contenttype", "pk": 1, "fields": {"app_label": "admin", "model": "logentry"}}, {"model": "contenttypes.contenttype", "pk": 2, "fields": {"app_label": "auth", "model": "permission"}}, {"model": "contenttypes.contenttype", "pk": 3, "fields": {"app_label": "auth", "model": "group"}}, {"model": "contenttypes.contenttype", "pk": 4, "fields": {"app_label": "auth", "model": "user"}}, {"model": "contenttypes.contenttype", "pk": 5, "fields": {"app_label": "contenttypes", "model": "contenttype"}}, {"model": "contenttypes.contenttype", "pk": 6, "fields": {"app_label": "sessions", "model": "session"}}, {"model": "contenttypes.contenttype", "pk": 7, "fields": {"app_label": "sites", "model": "site"}}, {"model": "contenttypes.contenttype", "pk": 8, "fields": {"app_label": "account", "model": "emailaddress"}}, {"model": "contenttypes.contenttype", "pk": 9, "fields": {"app_label": "account", "model": "emailconfirmation"}}, {"model": "contenttypes.contenttype", "pk": 10, "fields": {"app_label": "socialaccount", "model": "socialaccount"}}, {"model": "contenttypes.contenttype", "pk": 11, "fields": {"app_label": "socialaccount", "model": "socialapp"}}, {"model": "contenttypes.contenttype", "pk": 12, "fields": {"app_label": "socialaccount", "model": "socialtoken"}}, {"model": "contenttypes.contenttype", "pk": 13, "fields": {"app_label": "products", "model": "category"}}, {"model": "contenttypes.contenttype", "pk": 14, "fields": {"app_label": "products", "model": "product"}}, {"model": "contenttypes.contenttype", "pk": 15, "fields": {"app_label": "products", "model": "ratings"}}, {"model": "contenttypes.contenttype", "pk": 16, "fields": {"app_label": "checkout", "model": "order"}}, {"model": "contenttypes.contenttype", "pk": 17, "fields": {"app_label": "checkout", "model": "orderlineitem"}}, {"model": "contenttypes.contenttype", "pk": 18, "fields": {"app_label": "profiles", "model": "userprofile"}}, {"model": "contenttypes.contenttype", "pk": 19, "fields": {"app_label": "plan", "model": "plan"}}, {"model": "contenttypes.contenttype", "pk": 20, "fields": {"app_label": "plan", "model": "service"}}, {"model": "contenttypes.contenttype", "pk": 21, "fields": {"app_label": "plan", "model": "subscriberregistration"}}, {"model": "contenttypes.contenttype", "pk": 22, "fields": {"app_label": "plan", "model": "planpricing"}}, {"model": "sessions.session", "pk": "tjvo6ahp7cumf0fpi3vmvhvhol9shlqq", "fields": {"session_data": ".eJxVjDsOgzAQRO-yNbL8heAyfc5gee01kES2hCEN4u4BiSKpRpp58zZwfl1Gt1aa3RTBgoDmt0MfXpTPIT59HgoLJS_zhOxE2LVW9iiR3veL_ROMvo7nG7VWXXdERGNkJCU7g4JTRNGq3nDVS45BtlLfhDEiSRJKtZ4M71OgdEir_5Cbcipgl3mlBtAPYDeQYMW-fwEmfkEw:1ky3NM:z5Y4gQRCiL5C8BVul4L1DiaWODaTTJsSgkyAt9BHBtY", "expire_date": "2021-01-23T01:49:08.511Z"}}, {"model": "sites.site", "pk": 1, "fields": {"domain": "example.com", "name": "example.com"}}, {"model": "products.category", "pk": 1, "fields": {"name": "Apparel"}}, {"model": "products.category", "pk": 2, "fields": {"name": "Accesories"}}, {"model": "products.category", "pk": 3, "fields": {"name": "Nutrition"}}, {"model": "products.product", "pk": 1, "fields": {"category": 1, "sku": "011", "name": "CRITICAL DROP ARMHOLE TANK", "description": "Get the job done.\r\n\r\n⁃ Regular fit\r\n⁃ Drop armhole cut\r\n⁃ Crew neck\r\n⁃ Straight hem\r\n⁃ Printed Gymshark logo\r\n⁃ 95% Cotton, 5% Elastane\r\n⁃ Model is 6'4\" and wears a size XL\r\n⁃ Video model is 6'0\" and wears a size M\r\n⁃ Label Colour: Black\r\n\r\nA leader in simplicity, the Critical Drop Arm Tank endures your training and enhances your physique with a 5% elastane content built into the material and a flattering drop armhole cut. Train your hardest and Critical will never let you down.", "has_sizes": true, "price": "15.00", "image_url": null, "image": "Critical_Drop_Armhole_T-Shirt_Black_027_4hh92EM.jpg"}}, {"model": "products.product", "pk": 2, "fields": {"category": 2, "sku": "021", "name": "phone strap", "description": "KEEP YOUR PHONE CLOSE\r\n\r\n⁃ One size fits all\r\n⁃ Compatible with all smartphones\r\n⁃ Adjustable velcro arm strap\r\n⁃ Touchscreen compatible screen to front\r\n⁃ Reflective Gymshark logo\r\n⁃ 93% Polyester, 7% Elastane\r\n⁃ Label Colour: Black\r\n\r\nThe Gymshark Phone Strap is your new running partner, and the best bit is that you don’t have to talk to this one. Keep your smartphone safely by your arm’s side with a reliable, adjustable velcro strap that offers a custom fit. It comes fitted with a functional touchscreen so you can always skip the songs you hate and repeat the ones you love.", "has_sizes": false, "price": "10.00", "image_url": null, "image": "PHONESTRAP-BLACK.A-Edit_CM_7vJ24GK.jpg"}}, {"model": "products.product", "pk": 3, "fields": {"category": 1, "sku": "012", "name": "APOLLO T-SHIRT", "description": "A TRUE GYMSHARK ORIGINAL\r\n\r\n⁃ Regular fit\r\n⁃ Short raglan sleeves\r\n⁃ Straight hem and crew neck\r\n⁃ Printed Gymshark logo to chest\r\n⁃ 95% Cotton, 5% Elastane\r\n⁃ Model is 6'0\" and wears a size M\r\n⁃ Label Colour: Black\r\n\r\nA design that’s a true part of the Gymshark story, the Apollo T-Shirt is a classic. A cotton-base with a light elastane content, you can be sure of comfort and stretch however, or wherever, you train.", "has_sizes": true, "price": "18.00", "image_url": null, "image": "APOLLO_T-SHIRT_-_ECLIPSE_BLUE_ZQZaOsp.jpg"}}, {"model": "products.product", "pk": 4, "fields": {"category": 1, "sku": "013", "name": "ARRIVAL T-SHIRT", "description": "REDEFINING YOUR POTENTIAL\r\n\r\n⁃ Slim fit\r\n⁃ Lightweight material\r\n⁃ Sweat-wicking properties\r\n⁃ Straight hem\r\n⁃ Set-in sleeves and crew neck\r\n⁃ Heat-sealed Gymshark logo to chest\r\n⁃ 88% Polyester, 12% Elastane\r\n⁃ Model is 6’1” and wears size M\r\n- Video model is 6'0\" and wears size M\r\n⁃ Label Colour: Petrol Blue\r\n\r\nThe Arrival T-Shirt is your admission to a new, purposeful approach to training. Created to encourage you to aspire more, perform more and achieve more, this gym top boasts fundamental performance technology for next-level results, with sweat-wicking properties and a lightweight polyester-elastane material that enables maximum movement and exertion.", "has_sizes": false, "price": "15.00", "image_url": null, "image": "ARRIVAL_SS_T-SHIRT_-_PETROL_BLUE.A-029_dns6uYO.jpg"}}, {"model": "products.product", "pk": 5, "fields": {"category": 1, "sku": "014", "name": "BLOCK JOGGERS", "description": "THE BIG KID ON THE BLOCK\r\n\r\n⁃ Regular fit\r\n⁃ Elasticated waistband with rounded drawcords\r\n⁃ Elasticated ankle cuffs\r\n⁃ Open side pockets\r\n⁃ Printed Block logo to thigh\r\n⁃ 70% Cotton, 30% Polyester\r\n⁃ Model is 6’2” and wears size M\r\n⁃ Label Colour: Black/White\r\n\r\nThe unmissable Block logo has become a part of the Gymshark story. Call on the Block Joggers for anything from your toughest training day to your laziest rest day with a supple 30% polyester content and stay-put elasticated features.", "has_sizes": false, "price": "30.00", "image_url": null, "image": "BLOCKJOGGERS-0213_5URR0cc.jpg"}}, {"model": "products.product", "pk": 6, "fields": {"category": 3, "sku": "031", "name": "100% Citrulline Malate Powder", "description": "Citrulline Malate is a unique combination of the amino acid citrulline and the organic salt malate. It’s ideal for people involved in high-intensity exercise such as weightlifting and sprinting.", "has_sizes": false, "price": "17.49", "image_url": null, "image": "citrulline_CvfrbU6.jpg"}}, {"model": "products.product", "pk": 7, "fields": {"category": 1, "sku": "015", "name": "CRITICAL DROP ARMHOLE TANK", "description": "Get the job done.\r\n\r\n⁃ Regular fit\r\n⁃ Drop armhole cut\r\n⁃ Crew neck\r\n⁃ Straight hem\r\n⁃ Printed Gymshark logo\r\n⁃ 95% Cotton, 5% Elastane\r\n⁃ Model is 6'4\" and wears a size XL\r\n⁃ Video model is 6'0\" and wears a size M\r\n⁃ Label Colour: White\r\n\r\nA leader in simplicity, the Critical Drop Arm Tank endures your training and enhances your physique with a 5% elastane content built into the material and a flattering drop armhole cut. Train your hardest and Critical will never let you down.", "has_sizes": true, "price": "15.00", "image_url": null, "image": "Critical_Drop_Armhole_T-Shirt_White_026_QPIEo7B.jpg"}}, {"model": "products.product", "pk": 8, "fields": {"category": 1, "sku": "016", "name": "CRITICAL SHORTS", "description": "GET THE JOB DONE.\r\n\r\n⁃ Regular fit\r\n⁃ Raw edge hem\r\n⁃ Adjustable drawcord waist\r\n⁃ Side pockets\r\n⁃ Embroidered Gymshark logo\r\n⁃ 60% Polyester, 35% Cotton, 5% Elastane\r\n⁃ Model is 6'1\" and wears a size M\r\n⁃ Label Colour: Charcoal Marl\r\n\r\nTough and ready, the Critical Shorts keep things simple and do the basics well. A high-stretch Elastane material coupled with an adjustable waistband supports and enables your movement while a simple design keeps you under the radar.", "has_sizes": true, "price": "20.00", "image_url": null, "image": "CRITICAL_SHORT_0211_yk86jmY.jpg"}}, {"model": "products.product", "pk": 9, "fields": {"category": 3, "sku": "032", "name": "Diet Protein Blend", "description": "Our Diet Protein Blend is a highly researched formula, designed specifically to support women following a healthy lifestyle.", "has_sizes": false, "price": "11.99", "image_url": null, "image": "diet_protein_blend_GsmwO4f.jpg"}}, {"model": "products.product", "pk": 10, "fields": {"category": 1, "sku": "017", "name": "ENERGY+ SEAMLESS CROP TOP", "description": "JUST ADD ENERGY\r\n\r\n- Seamless crop top\r\n- Eyelet detailing to sides, back and front.\r\n- Rib to waistband\r\n- Round-neckline\r\n- Heat-sealed logo to chest and back\r\n- 94% Nylon, 6% Elastane\r\n- Model is 5'3 and wears size XS\r\n- Video model is 5'5\" and wears size XS\r\n- Label colour: Black\r\n\r\nCreated so you can breathe and move through every workout, the Energy+ Seamless Crop Top has comfort at its core. It’s perfectly cropped and features stretchy seamless fabric and Energy’s signature eyelet detailing throughout. Add in the range of stunning shades, and you’ve found yourself a winner.", "has_sizes": true, "price": "30.00", "image_url": null, "image": "ENERGY_SEAMLESS_CROP_TOP_BLACK_C1HT5cc.jpg"}}, {"model": "products.product", "pk": 11, "fields": {"category": 1, "sku": "018", "name": "ENERGY+ SEAMLESS LEGGINGS", "description": "JUST ADD ENERGY\r\n\r\n- Super high-waist fit\r\n- Eyelet detailing and glute contouring\r\n- Ribbed waistband\r\n- 7/8 length\r\n- 94% Nylon, 6% Elastane\r\n- Model is 5'8\" and wears a size S\r\n- Video model is 5'5\" and wears a size XS\r\n\r\nPower your performance with the Energy+ High-Waisted Seamless Leggings. Fully functional and fully shape-enhancing, these gym leggings help you through cardio and weights alike with support and confidence.", "has_sizes": true, "price": "45.00", "image_url": null, "image": "ENERGYSEAMLESSLEGGINGSBLACK_023_up12MCs.jpg"}}, {"model": "products.product", "pk": 12, "fields": {"category": 3, "sku": "033", "name": "Extreme Gainer Blend", "description": "Our Extreme Gainer Blend has been created specifically to support your bulk-up ambitions, with a huge 35g of protein per serving — perfect for building and maintaining muscle.\r\n\r\nThe Extreme Gainer Blend also boasts a staggering 62g of carbs in every serving, giving you an excellent source of energy for your training, as well as supporting your post-workout recovery.\r\n\r\nThis all-in-one protein shake features additional ingredients to help fuel your training — including vitamins, minerals, and amino acids. Our Extreme Gainer Blend also contains creatine monohydrate, which is proven to increased physical performance, so that you can push for progress in each and every session.", "has_sizes": false, "price": "29.99", "image_url": null, "image": "extreme_weight_gainer_sSRXwOw.jpg"}}, {"model": "products.product", "pk": 13, "fields": {"category": 3, "sku": "034", "name": "Flavdrops", "description": "Cutting fat and sugar from your diet doesn’t have to mean your meals are bland and boring. Our unique FlavDrops™ let you flavour food and drinks without taking on extra calories.\r\n\r\nGet yours in over 15 flavours, with delicious favourites including Toffee, White Chocolate, and Vanilla.", "has_sizes": false, "price": "4.99", "image_url": null, "image": "flavdrop_ZSd4Txg.jpg"}}, {"model": "products.product", "pk": 14, "fields": {"category": 1, "sku": "019", "name": "FLEX LONG SLEEVE CROP TOP", "description": "Round Neckline\r\n- Long sleeves\r\n- Thumb holes to cuffs\r\n- Cut out to back\r\n- Seamless shading to body\r\n- Sweat-wicking fabric\r\n- Heat sealed branding to front\r\n- Jacquard branding to back\r\n- 57% Polyamide, 36% Polyester, 7% Elastane\r\n- Model is 5'6\" and wears size S\r\n- Video model is 5'7\" and wears size S\r\n- Label colour: Navy Marl/Light Grey\r\n\r\nFlex your way in the Flex Sports Long Sleeve Crop Top. Made with seamless, sweat-wicking fabric that will move with you through even your toughest workout. The flattering silhouette, cut out and bold logo give you a base piece perfect to create your own look.", "has_sizes": true, "price": "35.00", "image_url": null, "image": "FLEXCROPTOPCHARCOALMARLRUBYPINK_025.jpg"}}, {"model": "products.product", "pk": 15, "fields": {"category": 1, "sku": "0111", "name": "FLEX HIGH WAISTED LEGGINGS", "description": "FLEXPRESS YOURSELF\r\n\r\n- High rise fit\r\n- Seamless contouring shading\r\n- Sweat-wicking fabric\r\n- Heat sealed branding to hip\r\n- Jacquard branding to back\r\n- 57% Polyamide, 36% Polyester, 7% Elastane\r\n- Model is 5'7\" and wears size S\r\n- Video model is 5'5\" and wears size XS\r\n- Label colour: Charcoal Marl/Ruby Pink\r\n\r\nShout out to my Flex. The Flex High Waisted Leggings have become a well celebrated part of the Gymshark DNA. With our sweat-wicking, seamless fabric, flattering high-rise fit and figure enhancing contouring shading, they are made for ultimate performance and your best look yet. How will you flex yours?", "has_sizes": true, "price": "40.00", "image_url": null, "image": "FLEXHIGHWAISTEDLEGGINGSCHARCOALMARL-024_enM2ZA8.jpg"}}, {"model": "products.product", "pk": 16, "fields": {"category": 3, "sku": "035", "name": "L-Glutamine Powder", "description": "Arguably the most popular of the 20 amino acids and naturally occurring in protein, which helps to build and repair new muscle1 — it’s important for all fitness goals.", "has_sizes": false, "price": "9.99", "image_url": null, "image": "glutamine_deEXcSI.jpg"}}, {"model": "products.product", "pk": 17, "fields": {"category": 2, "sku": "022", "name": "RESISTANCE BAND", "description": "VERSATILITY IN A TUBE\r\n\r\n- Medium resistance\r\n- Durable, lightweight equipment\r\n- Foam grip handles\r\n- Woven branded tab to one side of handle\r\n- Tube: 100% Latex. Handles: Eva foam+PP plastic\r\n\r\nAdd a bit more challenge with the Medium Resistance Tube. This lightweight piece is a great addition to any kitbag, whether you’ll be adding it in to your warm-up routines our using it to complement your weight training.", "has_sizes": false, "price": "9.99", "image_url": null, "image": "HEAVYRESISTANCETUBES_ywdIfvm.jpg"}}, {"model": "products.product", "pk": 18, "fields": {"category": 2, "sku": "023", "name": "Hot Cold Bottle", "description": "H2O ON THE GO\r\n\r\n⁃ Volume: 600ml\r\n⁃ Double insulation\r\n⁃ Heavy-duty screw lid with rubber connector\r\n⁃ Rubberised base for increased durability and stability\r\n⁃ BPA free\r\n⁃ Stainless steel\r\n⁃ Label Colour: Mercury Print\r\n\r\nFrom the gym floor to desk top, whether it’s refreshing cold water or pre-workout coffee, the Gymshark Hot Cold Bottle ensures you can stay hydrated wherever you move. Double insulation maintains liquid temperature and a rubberised base maintains its clean appearance.", "has_sizes": false, "price": "20.00", "image_url": null, "image": "HOTCOLDBOTTLE.A_XTZlOLu.jpg"}}, {"model": "products.product", "pk": 19, "fields": {"category": 2, "sku": "024", "name": "phone strap", "description": "KEEP YOUR PHONE CLOSE\r\n\r\n⁃ One size fits all\r\n⁃ Compatible with all smartphones\r\n⁃ Adjustable velcro arm strap\r\n⁃ Touchscreen compatible screen to front\r\n⁃ Reflective Gymshark logo\r\n⁃ 93% Polyester, 7% Elastane\r\n⁃ Label Colour: Black\r\n\r\nThe Gymshark Phone Strap is your new running partner, and the best bit is that you don’t have to talk to this one. Keep your smartphone safely by your arm’s side with a reliable, adjustable velcro strap that offers a custom fit. It comes fitted with a functional touchscreen so you can always skip the songs you hate and repeat the ones you love.", "has_sizes": false, "price": "10.00", "image_url": null, "image": "PHONESTRAP-BLACK.A-Edit_CM_bb4hVFH.jpg"}}, {"model": "products.product", "pk": 20, "fields": {"category": 1, "sku": "0112", "name": "RECHARGE SWEATER", "description": "REST. RELAX. RECHARGE.\r\n\r\n- Slim fit\r\n- Set in sleeve\r\n- Ribbed hem and cuffs\r\n- High stretch textured material\r\n- Raised logo to chest\r\n- Gymshark woven tab to back of waistband\r\n- 100% Cotton\r\n- Model is 6’2” and wears size S\r\n- Label Colour: Black\r\n\r\nIf rest day was a sweatshirt, it would be the Recharge Sweatshirt. Textured material in a casual design that’s made to chill in. With a unique raised logo to the chest and Gymshark woven tab logo on the back, it’s unmistakably Gymshark.", "has_sizes": true, "price": "35.00", "image_url": null, "image": "RECHARGE_SWEATSHIRT_eDyAEZx.jpg"}}, {"model": "products.product", "pk": 21, "fields": {"category": 2, "sku": "025", "name": "phone strap", "description": "NEED A SPOT?\r\n\r\n⁃ Rubberised resistance band\r\n⁃ High assistance ideal for beginners\r\n⁃ 1 band per pack\r\n⁃ Printed Gymshark logo to side\r\n⁃ Length: 105cm\r\n⁃ 100% Latex\r\n⁃ Label Colour: Black\r\n\r\nGet the spot you need to help you towards your first full pull ups with the Gymshark 23-54kg Resistance Band. Tie it round a pull up bar and rest your feet or knees inside to get a helping hand as you lift yourself up to the bar. Perfect for resistance or assistance, this band is a great addition to any home workout.", "has_sizes": false, "price": "15.00", "image_url": null, "image": "resistance_band_bqedtyj.jpg"}}, {"model": "products.product", "pk": 22, "fields": {"category": 3, "sku": "036", "name": "THE Gainer", "description": "NEED A SPOT?\r\n\r\n⁃ Rubberised resistance band\r\n⁃ High assistance ideal for beginners\r\n⁃ 1 band per pack\r\n⁃ Printed Gymshark logo to side\r\n⁃ Length: 105cm\r\n⁃ 100% Latex\r\n⁃ Label Colour: Black\r\n\r\nGet the spot you need to help you towards your first full pull ups with the Gymshark 23-54kg Resistance Band. Tie it round a pull up bar and rest your feet or knees inside to get a helping hand as you lift yourself up to the bar. Perfect for resistance or assistance, this band is a great addition to any home workout.", "has_sizes": false, "price": "91.99", "image_url": null, "image": "the_gainer_FPqbzoU.jpg"}}, {"model": "products.product", "pk": 23, "fields": {"category": 3, "sku": "037", "name": "All-Natural Peanut Butter", "description": "Created with a blend of roasted brown peanuts, our Crunchy Peanut Butter is all-natural and a great source of protein — ideal for supporting your training and curbing your cravings.\r\n\r\nPlus, it’s free from added salt, sugar, palm oil, and preservatives, while being packed with fibre and the essential nutrients vitamin E and magnesium, this super-nutritious snack is the sweet and simple way to keep your training on track.", "has_sizes": false, "price": "6.99", "image_url": null, "image": "the_peanut_butter_XsBKNcM.jpg"}}, {"model": "products.product", "pk": 24, "fields": {"category": 1, "sku": "0113", "name": "VITAL SEAMLESS LONG SLEEVE TOP", "description": "EMPOWERED THROUGH STRENGTH.\r\n\r\n- Figure-contouring shades\r\n- Raglan sleeves\r\n- Sweat-wicking fabric\r\n- Thumb holes\r\n- 59% Nylon, 34% Polyester, 7% Elastane\r\n- Model is 5'8\" and wears a size XS\r\n- Label Colour: Smokey Grey Marl\r\n\r\nEndeavour to perform in the Vital Seamless Long Sleeve T-Shirt, a workout top boasting supportive and supple, sweat-wicking fabrics as well as a covering fit to ensure you’ve never felt more confident in the gym.", "has_sizes": true, "price": "30.00", "image_url": null, "image": "VITAL_SEAMLESS_LONG_SLEEVE_TOP_SMOKEY_GREY_022_MZLsrb8.jpg"}}, {"model": "products.product", "pk": 25, "fields": {"category": 3, "sku": "038", "name": "Weight Gainer Blend", "description": "If you’re looking to gain weight, build strength, or increase size then you’re going to have to consume more calories than you burn throughout the day — known as a calorie surplus.\r\n\r\nAnd, although that sounds really simple, eating the wrong types of foods can lead to an increase in body fat, which isn’t ideal. To gain muscle you must combine a calorie surplus, with high-quality protein sources — which contribute to the growth and maintenance of muscle mass1 — and a well thought-out strength training plan.\r\n\r\nWe know that getting your nutrition right, when leading an active lifestyle, can be difficult — and that’s where we come in. Our weight-gainer supplements combine high-quality ingredients with ultimate convenience, delivering the fuel you need, wherever you are.", "has_sizes": false, "price": "26.99", "image_url": null, "image": "weight1_gain_SLPbdi0.jpg"}}, {"model": "products.ratings", "pk": 1, "fields": {"product": 1, "user_profile": 1, "stars": 4}}, {"model": "checkout.order", "pk": 1, "fields": {"order_number": "FDBCFE43D5954233989047B3E58CD6BC", "user_profile": 1, "full_name": "kim", "email": "djnskjdjsd@moll.com", "phone_number": "47522222222", "country": "HT", "postcode": null, "town_or_city": "hh", "street_address1": "jhg", "street_address2": "hvjh", "county": null, "date": "2021-01-08T03:55:49.305Z", "delivery_cost": "1.00", "order_total": "10.00", "grand_total": "11.00", "original_bag": "{\"2\": 1}", "stripe_pid": "pi_1I7C42JHYp7lY4yyghXMwb5S"}}, {"model": "checkout.orderlineitem", "pk": 1, "fields": {"order": 1, "product": 2, "product_size": null, "quantity": 1, "lineitem_total": "10.00"}}, {"model": "profiles.userprofile", "pk": 1, "fields": {"user": 1, "default_phone_number": "47522222222", "default_street_address1": "jhg", "default_street_address2": "hvjh", "default_town_or_city": "hh", "default_county": null, "default_postcode": null, "default_country": "HT"}}, {"model": "plan.plan", "pk": 1, "fields": {"name": "Bronze", "image_url": null, "image": "bronze_NU91TaP.png"}}, {"model": "plan.plan", "pk": 2, "fields": {"name": "Silver", "image_url": null, "image": "Silver-Membership_IKSIOXt.png"}}, {"model": "plan.plan", "pk": 3, "fields": {"name": "Gold", "image_url": null, "image": "Gold-Membership_FTV2ZAk.png"}}, {"model": "plan.planpricing", "pk": 1, "fields": {"planname": 3, "period": "monthly", "price": "50.00"}}, {"model": "plan.planpricing", "pk": 2, "fields": {"planname": 2, "period": "monthly", "price": "30.00"}}, {"model": "plan.planpricing", "pk": 3, "fields": {"planname": 1, "period": "monthly", "price": "15.00"}}, {"model": "plan.planpricing", "pk": 4, "fields": {"planname": 3, "period": "quarterly", "price": "120.00"}}, {"model": "plan.planpricing", "pk": 5, "fields": {"planname": 2, "period": "quarterly", "price": "75.00"}}, {"model": "plan.planpricing", "pk": 6, "fields": {"planname": 1, "period": "quarterly", "price": "40.00"}}, {"model": "plan.subscriberregistration", "pk": 2, "fields": {"user": 1, "age": 22, "height": "6.00", "weight": "41.00", "gender": "male", "goal": "weight-gain", "bmi": "22.00", "pricing": 3, "paid_until": null}}, {"model": "plan.service", "pk": 1, "fields": {"pricing_tiers": 3, "name": "service1", "description": "early access to deals"}}, {"model": "plan.service", "pk": 2, "fields": {"pricing_tiers": 3, "name": "service2", "description": "customised nutrition plan"}}, {"model": "plan.service", "pk": 3, "fields": {"pricing_tiers": 3, "name": "service3", "description": "customised excercise plan"}}, {"model": "plan.service", "pk": 4, "fields": {"pricing_tiers": 2, "name": "service1", "description": "customised nutrition plan"}}, {"model": "plan.service", "pk": 5, "fields": {"pricing_tiers": 2, "name": "service2", "description": "customised excercise plan"}}, {"model": "plan.service", "pk": 6, "fields": {"pricing_tiers": 1, "name": "service1", "description": "customised excercise plan"}}]